Well,Generator,Type,Name,[tRNA] ug/ul,[Magnesium acetate] mM,[Creatine phosphate] mM,[ATP] mM,[GTP] mM,[PPK] uM,[PolyP] mM,[HEPES] mM,[Potassium glutamate] mM,[CTP] mM,[UTP] mM,[TCEP] mM,[Folinic acid] mM,[Spermidine] mM,[aas] mM,[RNAse Inhibitor] U/ml,[Ribosome] uM,[Pmix] mg/ml,[DNA] nM,[tRNA] ug/ul conc_to_add,[tRNA] ug/ul vol_to_pipette_ul,[Magnesium acetate] mM conc_to_add,[Magnesium acetate] mM vol_to_pipette_ul,[Creatine phosphate] mM conc_to_add,[Creatine phosphate] mM vol_to_pipette_ul,[ATP] mM conc_to_add,[ATP] mM vol_to_pipette_ul,[GTP] mM conc_to_add,[GTP] mM vol_to_pipette_ul,[PPK] uM conc_to_add,[PPK] uM vol_to_pipette_ul,[PolyP] mM conc_to_add,[PolyP] mM vol_to_pipette_ul,[DNA] nM conc_to_add,[DNA] nM vol_to_pipette_ul,base_master_mix_vol_to_add_ul,total_titration_vol_to_add_ul,buffer_vol_to_add_ul,total_vol_check_ul
H13,lhs,Sample,0,4.491953296,8.131261755,30.71210312,7.190789591,5.571746796,3.607313295,36.40686582,50,100,1,1,1,0.02,2,0.3,2000,1.8,1.8,3,1.992,0.569,0.131,0.001,10.712,0.107,5.191,0.519,3.572,0.357,3.607,0.633,36.407,0.728,3,0.5,6.451,3.414,0.135,10
H14,lhs,Sample,0,4.491953296,8.131261755,30.71210312,7.190789591,5.571746796,3.607313295,36.40686582,50,100,1,1,1,0.02,2,0.3,2000,1.8,1.8,3,1.992,0.569,0.131,0.001,10.712,0.107,5.191,0.519,3.572,0.357,3.607,0.633,36.407,0.728,3,0.5,6.451,3.414,0.135,10
G18,lhs,Sample,1,4.566045177,17.48087216,28.32442109,2.188760593,7.721970503,3.406840464,30.73740556,50,100,1,1,1,0.02,2,0.3,2000,1.8,1.8,3,2.066,0.59,9.481,0.047,8.324,0.083,0.189,0.019,5.722,0.572,3.407,0.598,30.737,0.615,3,0.5,6.451,3.024,0.525,10
H8,lhs,Sample,1,4.566045177,17.48087216,28.32442109,2.188760593,7.721970503,3.406840464,30.73740556,50,100,1,1,1,0.02,2,0.3,2000,1.8,1.8,3,2.066,0.59,9.481,0.047,8.324,0.083,0.189,0.019,5.722,0.572,3.407,0.598,30.737,0.615,3,0.5,6.451,3.024,0.525,10
E6,lhs,Sample,2,3.991743935,16.24435644,46.16812282,4.980854823,4.451710648,4.01050068,50.16525871,50,100,1,1,1,0.02,2,0.3,2000,1.8,1.8,3,1.492,0.426,8.244,0.041,26.168,0.262,2.981,0.298,2.452,0.245,4.011,0.704,50.165,1.003,3,0.5,6.451,3.479,0.07,10
E13,lhs,Sample,2,3.991743935,16.24435644,46.16812282,4.980854823,4.451710648,4.01050068,50.16525871,50,100,1,1,1,0.02,2,0.3,2000,1.8,1.8,3,1.492,0.426,8.244,0.041,26.168,0.262,2.981,0.298,2.452,0.245,4.011,0.704,50.165,1.003,3,0.5,6.451,3.479,0.07,10
K6,lhs,Sample,3,3.773410552,9.782964723,26.16031832,6.866484951,3.741608388,1.659983699,21.87953964,50,100,1,1,1,0.02,2,0.3,2000,1.8,1.8,3,1.273,0.364,1.783,0.009,6.16,0.062,4.866,0.487,1.742,0.174,1.66,0.291,21.88,0.438,3,0.5,6.451,2.325,1.224,10
F14,lhs,Sample,3,3.773410552,9.782964723,26.16031832,6.866484951,3.741608388,1.659983699,21.87953964,50,100,1,1,1,0.02,2,0.3,2000,1.8,1.8,3,1.273,0.364,1.783,0.009,6.16,0.062,4.866,0.487,1.742,0.174,1.66,0.291,21.88,0.438,3,0.5,6.451,2.325,1.224,10
H11,lhs,Sample,4,4.838428288,12.35656993,42.88285677,4.40974708,6.102252393,1.088862088,4,50,100,1,1,1,0.02,2,0.3,2000,1.8,1.8,3,2.338,0.668,4.357,0.022,22.883,0.229,2.41,0.241,4.102,0.41,1.089,0.191,4,0.08,3,0.5,6.451,2.341,1.208,10
G16,lhs,Sample,4,4.838428288,12.35656993,42.88285677,4.40974708,6.102252393,1.088862088,4,50,100,1,1,1,0.02,2,0.3,2000,1.8,1.8,3,2.338,0.668,4.357,0.022,22.883,0.229,2.41,0.241,4.102,0.41,1.089,0.191,4,0.08,3,0.5,6.451,2.341,1.208,10
L15,lhs,Sample,5,4.985789648,23.10383831,23.78644261,7.631927195,4.799055802,3.168854424,38.96013496,50,100,1,1,1,0.02,2,0.3,2000,1.8,1.8,3,2.486,0.71,15.104,0.076,3.786,0.038,5.632,0.563,2.799,0.28,3.169,0.556,38.96,0.779,3,0.5,6.451,3.502,0.047,10
L11,lhs,Sample,5,4.985789648,23.10383831,23.78644261,7.631927195,4.799055802,3.168854424,38.96013496,50,100,1,1,1,0.02,2,0.3,2000,1.8,1.8,3,2.486,0.71,15.104,0.076,3.786,0.038,5.632,0.563,2.799,0.28,3.169,0.556,38.96,0.779,3,0.5,6.451,3.502,0.047,10
H16,lhs,Sample,6,3.672480117,20.64858753,35.2516103,6.558570693,3.983756486,0.213501569,47.62313736,50,100,1,1,1,0.02,2,0.3,2000,1.8,1.8,3,1.172,0.335,12.649,0.063,15.252,0.153,4.559,0.456,1.984,0.198,0.214,0.038,47.623,0.952,3,0.5,6.451,2.695,0.854,10
J6,lhs,Sample,6,3.672480117,20.64858753,35.2516103,6.558570693,3.983756486,0.213501569,47.62313736,50,100,1,1,1,0.02,2,0.3,2000,1.8,1.8,3,1.172,0.335,12.649,0.063,15.252,0.153,4.559,0.456,1.984,0.198,0.214,0.038,47.623,0.952,3,0.5,6.451,2.695,0.854,10
E8,lhs,Sample,7,4.464518564,11.77510327,37.9889566,2.663922687,6.900544743,2.788450386,52.85299516,50,100,1,1,1,0.02,2,0.3,2000,1.8,1.8,3,1.965,0.561,3.775,0.019,17.989,0.18,0.664,0.066,4.901,0.49,2.788,0.489,52.853,1.057,3,0.5,6.451,3.362,0.187,10
I16,lhs,Sample,7,4.464518564,11.77510327,37.9889566,2.663922687,6.900544743,2.788450386,52.85299516,50,100,1,1,1,0.02,2,0.3,2000,1.8,1.8,3,1.965,0.561,3.775,0.019,17.989,0.18,0.664,0.066,4.901,0.49,2.788,0.489,52.853,1.057,3,0.5,6.451,3.362,0.187,10
I7,lhs,Sample,8,4.215581317,28.23516615,22.7903045,4.365640978,6.299479111,1.358671138,25.94560071,50,100,1,1,1,0.02,2,0.3,2000,1.8,1.8,3,1.716,0.49,20.235,0.101,2.79,0.028,2.366,0.237,4.299,0.43,1.359,0.238,25.946,0.519,3,0.5,6.451,2.543,1.006,10
F11,lhs,Sample,8,4.215581317,28.23516615,22.7903045,4.365640978,6.299479111,1.358671138,25.94560071,50,100,1,1,1,0.02,2,0.3,2000,1.8,1.8,3,1.716,0.49,20.235,0.101,2.79,0.028,2.366,0.237,4.299,0.43,1.359,0.238,25.946,0.519,3,0.5,6.451,2.543,1.006,10
G9,lhs,Sample,9,4.342625086,19.16094189,20.6696309,5.432237852,7.308814971,4.79075465,12.54902718,50,100,1,1,1,0.02,2,0.3,2000,1.8,1.8,3,1.843,0.527,11.161,0.056,0.67,0.007,3.432,0.343,5.309,0.531,4.791,0.841,12.549,0.251,3,0.5,6.451,3.056,0.493,10
L6,lhs,Sample,9,4.342625086,19.16094189,20.6696309,5.432237852,7.308814971,4.79075465,12.54902718,50,100,1,1,1,0.02,2,0.3,2000,1.8,1.8,3,1.843,0.527,11.161,0.056,0.67,0.007,3.432,0.343,5.309,0.531,4.791,0.841,12.549,0.251,3,0.5,6.451,3.056,0.493,10
G8,lhs,Sample,10,4.15890615,9.290405276,29.21989539,3.729818154,4.382509177,5.015584832,18.44261717,50,100,1,1,1,0.02,2,0.3,2000,1.8,1.8,3,1.659,0.474,1.29,0.006,9.22,0.092,1.73,0.173,2.383,0.238,5.016,0.88,18.443,0.369,3,0.5,6.451,2.732,0.817,10
H6,lhs,Sample,10,4.15890615,9.290405276,29.21989539,3.729818154,4.382509177,5.015584832,18.44261717,50,100,1,1,1,0.02,2,0.3,2000,1.8,1.8,3,1.659,0.474,1.29,0.006,9.22,0.092,1.73,0.173,2.383,0.238,5.016,0.88,18.443,0.369,3,0.5,6.451,2.732,0.817,10
E7,lhs,Sample,11,4.725356261,27.12333883,38.32415269,3.300705938,7.578083942,0.655793885,24.29082447,50,100,1,1,1,0.02,2,0.3,2000,1.8,1.8,3,2.225,0.636,19.123,0.096,18.324,0.183,1.301,0.13,5.578,0.558,0.656,0.115,24.291,0.486,3,0.5,6.451,2.704,0.845,10
H10,lhs,Sample,11,4.725356261,27.12333883,38.32415269,3.300705938,7.578083942,0.655793885,24.29082447,50,100,1,1,1,0.02,2,0.3,2000,1.8,1.8,3,2.225,0.636,19.123,0.096,18.324,0.183,1.301,0.13,5.578,0.558,0.656,0.115,24.291,0.486,3,0.5,6.451,2.704,0.845,10
E12,lhs,Sample,12,3.948296595,18.64869616,41.41646097,5.161436831,5.851618466,1.949686567,29.83114172,50,100,1,1,1,0.02,2,0.3,2000,1.8,1.8,3,1.448,0.414,10.649,0.053,21.416,0.214,3.161,0.316,3.852,0.385,1.95,0.342,29.831,0.597,3,0.5,6.451,2.821,0.728,10
F13,lhs,Sample,12,3.948296595,18.64869616,41.41646097,5.161436831,5.851618466,1.949686567,29.83114172,50,100,1,1,1,0.02,2,0.3,2000,1.8,1.8,3,1.448,0.414,10.649,0.053,21.416,0.214,3.161,0.316,3.852,0.385,1.95,0.342,29.831,0.597,3,0.5,6.451,2.821,0.728,10
I6,lhs,Sample,13,4.272775972,29.49807419,44.92846816,4.009546373,2.410915222,2.291456217,35.50896272,50,100,1,1,1,0.02,2,0.3,2000,1.8,1.8,3,1.773,0.507,21.498,0.107,24.928,0.249,2.01,0.201,0.411,0.041,2.291,0.402,35.509,0.71,3,0.5,6.451,2.717,0.832,10
F18,lhs,Sample,13,4.272775972,29.49807419,44.92846816,4.009546373,2.410915222,2.291456217,35.50896272,50,100,1,1,1,0.02,2,0.3,2000,1.8,1.8,3,1.773,0.507,21.498,0.107,24.928,0.249,2.01,0.201,0.411,0.041,2.291,0.402,35.509,0.71,3,0.5,6.451,2.717,0.832,10
J17,lhs,Sample,14,3.866149557,14.29286513,33.63712896,2.39008786,3.420239012,0.309247087,14.35843501,50,100,1,1,1,0.02,2,0.3,2000,1.8,1.8,3,1.366,0.39,6.293,0.031,13.637,0.136,0.39,0.039,1.42,0.142,0.309,0.054,14.358,0.287,3,0.5,6.451,1.579,1.97,10
F12,lhs,Sample,14,3.866149557,14.29286513,33.63712896,2.39008786,3.420239012,0.309247087,14.35843501,50,100,1,1,1,0.02,2,0.3,2000,1.8,1.8,3,1.366,0.39,6.293,0.031,13.637,0.136,0.39,0.039,1.42,0.142,0.309,0.054,14.358,0.287,3,0.5,6.451,1.579,1.97,10
L18,lhs,Sample,15,4.871233236,24.99446831,40.59163766,7.971082711,2.929219281,4.363267113,10.44350075,50,100,1,1,1,0.02,2,0.3,2000,1.8,1.8,3,2.371,0.677,16.994,0.085,20.592,0.206,5.971,0.597,0.929,0.093,4.363,0.765,10.444,0.209,3,0.5,6.451,3.132,0.417,10
K7,lhs,Sample,15,4.871233236,24.99446831,40.59163766,7.971082711,2.929219281,4.363267113,10.44350075,50,100,1,1,1,0.02,2,0.3,2000,1.8,1.8,3,2.371,0.677,16.994,0.085,20.592,0.206,5.971,0.597,0.929,0.093,4.363,0.765,10.444,0.209,3,0.5,6.451,3.132,0.417,10
J9,lhs,Sample,16,4.077053253,13.59837798,49.73484083,5.943015715,2.672444141,2.484161113,7.061744141,50,100,1,1,1,0.02,2,0.3,2000,1.8,1.8,3,1.577,0.451,5.598,0.028,29.735,0.297,3.943,0.394,0.672,0.067,2.484,0.436,7.062,0.141,3,0.5,6.451,2.314,1.235,10
G15,lhs,Sample,16,4.077053253,13.59837798,49.73484083,5.943015715,2.672444141,2.484161113,7.061744141,50,100,1,1,1,0.02,2,0.3,2000,1.8,1.8,3,1.577,0.451,5.598,0.028,29.735,0.297,3.943,0.394,0.672,0.067,2.484,0.436,7.062,0.141,3,0.5,6.451,2.314,1.235,10
L17,lhs,Sample,17,3.602951837,21.46788978,47.5252301,3.174666704,6.675257779,5.387515748,40,50,100,1,1,1,0.02,2,0.3,2000,1.8,1.8,3,1.103,0.315,13.468,0.067,27.525,0.275,1.175,0.118,4.675,0.468,5.388,0.945,40,0.8,3,0.5,6.451,3.488,0.061,10
I17,lhs,Sample,17,3.602951837,21.46788978,47.5252301,3.174666704,6.675257779,5.387515748,40,50,100,1,1,1,0.02,2,0.3,2000,1.8,1.8,3,1.103,0.315,13.468,0.067,27.525,0.275,1.175,0.118,4.675,0.468,5.388,0.945,40,0.8,3,0.5,6.451,3.488,0.061,10
E11,lhs,Sample,18,3.550260409,24.21241029,25.84489555,6.323706628,5.248822109,5.722463964,3.902081866,50,100,1,1,1,0.02,2,0.3,2000,1.8,1.8,3,1.05,0.3,16.212,0.081,5.845,0.058,4.324,0.432,3.249,0.325,5.722,1.004,3.902,0.078,3,0.5,6.451,2.778,0.771,10
K17,lhs,Sample,18,3.550260409,24.21241029,25.84489555,6.323706628,5.248822109,5.722463964,3.902081866,50,100,1,1,1,0.02,2,0.3,2000,1.8,1.8,3,1.05,0.3,16.212,0.081,5.845,0.058,4.324,0.432,3.249,0.325,5.722,1.004,3.902,0.078,3,0.5,6.451,2.778,0.771,10
I13,lhs,Sample,19,4.673984765,25.96022007,33.46579419,5.612432236,2.155308969,5.465179432,40,50,100,1,1,1,0.02,2,0.3,2000,1.8,1.8,3,2.174,0.621,17.96,0.09,13.466,0.135,3.612,0.361,0.155,0.016,5.465,0.959,40,0.8,3,0.5,6.451,3.482,0.067,10
H12,lhs,Sample,19,4.673984765,25.96022007,33.46579419,5.612432236,2.155308969,5.465179432,40,50,100,1,1,1,0.02,2,0.3,2000,1.8,1.8,3,2.174,0.621,17.96,0.09,13.466,0.135,3.612,0.361,0.155,0.016,5.465,0.959,40,0.8,3,0.5,6.451,3.482,0.067,10
F16,ges,Sample,ges_r3_01,3.9,16.2,45,2,2,1.4,55,50,100,1,1,1,0.02,2,0.3,2000,1.8,1.8,3,1.4,0.4,8.2,0.041,25,0.25,0,0,0,0,1.4,0.246,55,1.1,3,0.5,6.451,2.537,1.012,10
G12,ges,Sample,ges_r3_01,3.9,16.2,45,2,2,1.4,55,50,100,1,1,1,0.02,2,0.3,2000,1.8,1.8,3,1.4,0.4,8.2,0.041,25,0.25,0,0,0,0,1.4,0.246,55,1.1,3,0.5,6.451,2.537,1.012,10
G7,ges,Sample,ges_r3_02,3,33.7,51,2,2.4,1.9,55,50,100,1,1,1,0.02,2,0.3,2000,1.8,1.8,3,0.5,0.143,25.7,0.128,31,0.31,0,0,0.4,0.04,1.9,0.333,55,1.1,3,0.5,6.451,2.554,0.995,10
I9,ges,Sample,ges_r3_02,3,33.7,51,2,2.4,1.9,55,50,100,1,1,1,0.02,2,0.3,2000,1.8,1.8,3,0.5,0.143,25.7,0.128,31,0.31,0,0,0.4,0.04,1.9,0.333,55,1.1,3,0.5,6.451,2.554,0.995,10
L7,ges,Sample,ges_r3_03,4,8,80,2,2,1,8,50,100,1,1,1,0.02,2,0.3,2000,1.8,1.8,3,1.5,0.429,0,0,60,0.6,0,0,0,0,1,0.175,8,0.16,3,0.5,6.451,1.864,1.685,10
J16,ges,Sample,ges_r3_03,4,8,80,2,2,1,8,50,100,1,1,1,0.02,2,0.3,2000,1.8,1.8,3,1.5,0.429,0,0,60,0.6,0,0,0,0,1,0.175,8,0.16,3,0.5,6.451,1.864,1.685,10
L12,ges,Sample,ges_r3_04,2.5,27.1,61,2,2,3.2,20,50,100,1,1,1,0.02,2,0.3,2000,1.8,1.8,3,0,0,19.1,0.096,41,0.41,0,0,0,0,3.2,0.561,20,0.4,3,0.5,6.451,1.967,1.582,10
J10,ges,Sample,ges_r3_04,2.5,27.1,61,2,2,3.2,20,50,100,1,1,1,0.02,2,0.3,2000,1.8,1.8,3,0,0,19.1,0.096,41,0.41,0,0,0,0,3.2,0.561,20,0.4,3,0.5,6.451,1.967,1.582,10
K12,ges,Sample,ges_r3_05,4,46.1,72,2.1,2,4.5,54,50,100,1,1,1,0.02,2,0.3,2000,1.8,1.8,3,1.5,0.429,38.1,0.19,52,0.52,0.1,0.01,0,0,4.5,0.789,54,1.08,3,0.5,6.451,3.518,0.031,10
L9,ges,Sample,ges_r3_05,4,46.1,72,2.1,2,4.5,54,50,100,1,1,1,0.02,2,0.3,2000,1.8,1.8,3,1.5,0.429,38.1,0.19,52,0.52,0.1,0.01,0,0,4.5,0.789,54,1.08,3,0.5,6.451,3.518,0.031,10
K9,ges,Sample,ges_r3_06,3.7,19.6,43,3,2,0.8,55,50,100,1,1,1,0.02,2,0.3,2000,1.8,1.8,3,1.2,0.343,11.6,0.058,23,0.23,1,0.1,0,0,0.8,0.14,55,1.1,3,0.5,6.451,2.471,1.078,10
I18,ges,Sample,ges_r3_06,3.7,19.6,43,3,2,0.8,55,50,100,1,1,1,0.02,2,0.3,2000,1.8,1.8,3,1.2,0.343,11.6,0.058,23,0.23,1,0.1,0,0,0.8,0.14,55,1.1,3,0.5,6.451,2.471,1.078,10
F8,ges,Sample,ges_r3_07,3,11,36,2,2.6,1.1,55,50,100,1,1,1,0.02,2,0.3,2000,1.8,1.8,3,0.5,0.143,3,0.015,16,0.16,0,0,0.6,0.06,1.1,0.193,55,1.1,3,0.5,6.451,2.171,1.378,10
I11,ges,Sample,ges_r3_07,3,11,36,2,2.6,1.1,55,50,100,1,1,1,0.02,2,0.3,2000,1.8,1.8,3,0.5,0.143,3,0.015,16,0.16,0,0,0.6,0.06,1.1,0.193,55,1.1,3,0.5,6.451,2.171,1.378,10
L14,ges,Sample,ges_r3_08,3.3,8,49,2.1,2.9,4.2,51,50,100,1,1,1,0.02,2,0.3,2000,1.8,1.8,3,0.8,0.229,0,0,29,0.29,0.1,0.01,0.9,0.09,4.2,0.737,51,1.02,3,0.5,6.451,2.876,0.673,10
H7,ges,Sample,ges_r3_08,3.3,8,49,2.1,2.9,4.2,51,50,100,1,1,1,0.02,2,0.3,2000,1.8,1.8,3,0.8,0.229,0,0,29,0.29,0.1,0.01,0.9,0.09,4.2,0.737,51,1.02,3,0.5,6.451,2.876,0.673,10
J14,ges,Sample,ges_r3_09,4,17,55,4.5,2,6,45,50,100,1,1,1,0.02,2,0.3,2000,1.8,1.8,3,1.5,0.429,9,0.045,35,0.35,2.5,0.25,0,0,6,1.053,45,0.9,3,0.5,6.451,3.527,0.022,10
H18,ges,Sample,ges_r3_09,4,17,55,4.5,2,6,45,50,100,1,1,1,0.02,2,0.3,2000,1.8,1.8,3,1.5,0.429,9,0.045,35,0.35,2.5,0.25,0,0,6,1.053,45,0.9,3,0.5,6.451,3.527,0.022,10
L16,ges,Sample,ges_r3_10,2.5,8,27,3.7,2.4,0,46,50,100,1,1,1,0.02,2,0.3,2000,1.8,1.8,3,0,0,0,0,7,0.07,1.7,0.17,0.4,0.04,0,0,46,0.92,3,0.5,6.451,1.7,1.849,10
H15,ges,Sample,ges_r3_10,2.5,8,27,3.7,2.4,0,46,50,100,1,1,1,0.02,2,0.3,2000,1.8,1.8,3,0,0,0,0,7,0.07,1.7,0.17,0.4,0.04,0,0,46,0.92,3,0.5,6.451,1.7,1.849,10
E16,ges,Sample,ges_r3_11,3.8,16,59,3.6,2.9,1.8,52,50,100,1,1,1,0.02,2,0.3,2000,1.8,1.8,3,1.3,0.371,8,0.04,39,0.39,1.6,0.16,0.9,0.09,1.8,0.316,52,1.04,3,0.5,6.451,2.907,0.642,10
G11,ges,Sample,ges_r3_11,3.8,16,59,3.6,2.9,1.8,52,50,100,1,1,1,0.02,2,0.3,2000,1.8,1.8,3,1.3,0.371,8,0.04,39,0.39,1.6,0.16,0.9,0.09,1.8,0.316,52,1.04,3,0.5,6.451,2.907,0.642,10
J18,ges,Sample,ges_r3_12,4,37.6,61,2,2.4,0.3,55,50,100,1,1,1,0.02,2,0.3,2000,1.8,1.8,3,1.5,0.429,29.6,0.148,41,0.41,0,0,0.4,0.04,0.3,0.053,55,1.1,3,0.5,6.451,2.68,0.869,10
G10,ges,Sample,ges_r3_12,4,37.6,61,2,2.4,0.3,55,50,100,1,1,1,0.02,2,0.3,2000,1.8,1.8,3,1.5,0.429,29.6,0.148,41,0.41,0,0,0.4,0.04,0.3,0.053,55,1.1,3,0.5,6.451,2.68,0.869,10
K18,ges,Sample,ges_r3_13,2.7,15.5,35,2,2,0,0,50,100,1,1,1,0.02,2,0.3,2000,1.8,1.8,3,0.2,0.057,7.5,0.038,15,0.15,0,0,0,0,0,0,0,0,3,0.5,6.451,0.745,2.804,10
E9,ges,Sample,ges_r3_13,2.7,15.5,35,2,2,0,0,50,100,1,1,1,0.02,2,0.3,2000,1.8,1.8,3,0.2,0.057,7.5,0.038,15,0.15,0,0,0,0,0,0,0,0,3,0.5,6.451,0.745,2.804,10
J15,ges,Sample,ges_r3_14,3.7,8,59,2,2,6,35,50,100,1,1,1,0.02,2,0.3,2000,1.8,1.8,3,1.2,0.343,0,0,39,0.39,0,0,0,0,6,1.053,35,0.7,3,0.5,6.451,2.986,0.563,10
F15,ges,Sample,ges_r3_14,3.7,8,59,2,2,6,35,50,100,1,1,1,0.02,2,0.3,2000,1.8,1.8,3,1.2,0.343,0,0,39,0.39,0,0,0,0,6,1.053,35,0.7,3,0.5,6.451,2.986,0.563,10
I12,ges,Sample,ges_r3_15,2.5,26.9,42,2.9,3.6,3.7,55,50,100,1,1,1,0.02,2,0.3,2000,1.8,1.8,3,0,0,18.9,0.094,22,0.22,0.9,0.09,1.6,0.16,3.7,0.649,55,1.1,3,0.5,6.451,2.813,0.736,10
F10,ges,Sample,ges_r3_15,2.5,26.9,42,2.9,3.6,3.7,55,50,100,1,1,1,0.02,2,0.3,2000,1.8,1.8,3,0,0,18.9,0.094,22,0.22,0.9,0.09,1.6,0.16,3.7,0.649,55,1.1,3,0.5,6.451,2.813,0.736,10
K10,ges,Sample,ges_r3_16,2.5,33.9,45,2,6,6,0,50,100,1,1,1,0.02,2,0.3,2000,1.8,1.8,3,0,0,25.9,0.13,25,0.25,0,0,4,0.4,6,1.053,0,0,3,0.5,6.451,2.333,1.216,10
L8,ges,Sample,ges_r3_16,2.5,33.9,45,2,6,6,0,50,100,1,1,1,0.02,2,0.3,2000,1.8,1.8,3,0,0,25.9,0.13,25,0.25,0,0,4,0.4,6,1.053,0,0,3,0.5,6.451,2.333,1.216,10
K8,ges,Sample,ges_r3_17,4,8,20,2,2,0,0,50,100,1,1,1,0.02,2,0.3,2000,1.8,1.8,3,1.5,0.429,0,0,0,0,0,0,0,0,0,0,0,0,3,0.5,6.451,0.929,2.62,10
G13,ges,Sample,ges_r3_17,4,8,20,2,2,0,0,50,100,1,1,1,0.02,2,0.3,2000,1.8,1.8,3,1.5,0.429,0,0,0,0,0,0,0,0,0,0,0,0,3,0.5,6.451,0.929,2.62,10
K16,ges,Sample,ges_r3_18,4,8,33,6,3.5,3.4,55,50,100,1,1,1,0.02,2,0.3,2000,1.8,1.8,3,1.5,0.429,0,0,13,0.13,4,0.4,1.5,0.15,3.4,0.596,55,1.1,3,0.5,6.451,3.305,0.244,10
L10,ges,Sample,ges_r3_18,4,8,33,6,3.5,3.4,55,50,100,1,1,1,0.02,2,0.3,2000,1.8,1.8,3,1.5,0.429,0,0,13,0.13,4,0.4,1.5,0.15,3.4,0.596,55,1.1,3,0.5,6.451,3.305,0.244,10
E14,ges,Sample,ges_r3_19,3.6,41.3,80,2,3,4.8,50,50,100,1,1,1,0.02,2,0.3,2000,1.8,1.8,3,1.1,0.314,33.3,0.166,60,0.6,0,0,1,0.1,4.8,0.842,50,1,3,0.5,6.451,3.522,0.027,10
G17,ges,Sample,ges_r3_19,3.6,41.3,80,2,3,4.8,50,50,100,1,1,1,0.02,2,0.3,2000,1.8,1.8,3,1.1,0.314,33.3,0.166,60,0.6,0,0,1,0.1,4.8,0.842,50,1,3,0.5,6.451,3.522,0.027,10
E17,ges,Sample,ges_r3_20,3.4,50,30,2.7,3,0,0,50,100,1,1,1,0.02,2,0.3,2000,1.8,1.8,3,0.9,0.257,42,0.21,10,0.1,0.7,0.07,1,0.1,0,0,0,0,3,0.5,6.451,1.237,2.312,10
I10,ges,Sample,ges_r3_20,3.4,50,30,2.7,3,0,0,50,100,1,1,1,0.02,2,0.3,2000,1.8,1.8,3,0.9,0.257,42,0.21,10,0.1,0.7,0.07,1,0.1,0,0,0,0,3,0.5,6.451,1.237,2.312,10
G14,ges,Sample,ges_r3_21,3.2,24.3,42,2,2,3.9,55,50,100,1,1,1,0.02,2,0.3,2000,1.8,1.8,3,0.7,0.2,16.3,0.082,22,0.22,0,0,0,0,3.9,0.684,55,1.1,3,0.5,6.451,2.786,0.763,10
I15,ges,Sample,ges_r3_21,3.2,24.3,42,2,2,3.9,55,50,100,1,1,1,0.02,2,0.3,2000,1.8,1.8,3,0.7,0.2,16.3,0.082,22,0.22,0,0,0,0,3.9,0.684,55,1.1,3,0.5,6.451,2.786,0.763,10
L13,ges,Sample,ges_r3_22,2.6,9,61,3.6,2,3.9,55,50,100,1,1,1,0.02,2,0.3,2000,1.8,1.8,3,0.1,0.029,1,0.005,41,0.41,1.6,0.16,0,0,3.9,0.684,55,1.1,3,0.5,6.451,2.888,0.661,10
F6,ges,Sample,ges_r3_22,2.6,9,61,3.6,2,3.9,55,50,100,1,1,1,0.02,2,0.3,2000,1.8,1.8,3,0.1,0.029,1,0.005,41,0.41,1.6,0.16,0,0,3.9,0.684,55,1.1,3,0.5,6.451,2.888,0.661,10
K11,ges,Sample,ges_r3_23,3.7,32.2,77,2,2,1.4,55,50,100,1,1,1,0.02,2,0.3,2000,1.8,1.8,3,1.2,0.343,24.2,0.121,57,0.57,0,0,0,0,1.4,0.246,55,1.1,3,0.5,6.451,2.88,0.669,10
K13,ges,Sample,ges_r3_23,3.7,32.2,77,2,2,1.4,55,50,100,1,1,1,0.02,2,0.3,2000,1.8,1.8,3,1.2,0.343,24.2,0.121,57,0.57,0,0,0,0,1.4,0.246,55,1.1,3,0.5,6.451,2.88,0.669,10
J11,ges,Sample,ges_r3_24,4,50,68,2,4,0,55,50,100,1,1,1,0.02,2,0.3,2000,1.8,1.8,3,1.5,0.429,42,0.21,48,0.48,0,0,2,0.2,0,0,55,1.1,3,0.5,6.451,2.919,0.63,10
F9,ges,Sample,ges_r3_24,4,50,68,2,4,0,55,50,100,1,1,1,0.02,2,0.3,2000,1.8,1.8,3,1.5,0.429,42,0.21,48,0.48,0,0,2,0.2,0,0,55,1.1,3,0.5,6.451,2.919,0.63,10
F7,ges,Sample,ges_r3_25,2.5,8,80,2,6,0,55,50,100,1,1,1,0.02,2,0.3,2000,1.8,1.8,3,0,0,0,0,60,0.6,0,0,4,0.4,0,0,55,1.1,3,0.5,6.451,2.6,0.949,10
J8,ges,Sample,ges_r3_25,2.5,8,80,2,6,0,55,50,100,1,1,1,0.02,2,0.3,2000,1.8,1.8,3,0,0,0,0,60,0.6,0,0,4,0.4,0,0,55,1.1,3,0.5,6.451,2.6,0.949,10
H17,ges,Sample,ges_r3_26,2.8,8,28,2.6,2,0,55,50,100,1,1,1,0.02,2,0.3,2000,1.8,1.8,3,0.3,0.086,0,0,8,0.08,0.6,0.06,0,0,0,0,55,1.1,3,0.5,6.451,1.826,1.723,10
I8,ges,Sample,ges_r3_26,2.8,8,28,2.6,2,0,55,50,100,1,1,1,0.02,2,0.3,2000,1.8,1.8,3,0.3,0.086,0,0,8,0.08,0.6,0.06,0,0,0,0,55,1.1,3,0.5,6.451,1.826,1.723,10
H9,ges,Sample,ges_r3_27,4,50,20,6,4.6,0,55,50,100,1,1,1,0.02,2,0.3,2000,1.8,1.8,3,1.5,0.429,42,0.21,0,0,4,0.4,2.6,0.26,0,0,55,1.1,3,0.5,6.451,2.899,0.65,10
I14,ges,Sample,ges_r3_27,4,50,20,6,4.6,0,55,50,100,1,1,1,0.02,2,0.3,2000,1.8,1.8,3,1.5,0.429,42,0.21,0,0,4,0.4,2.6,0.26,0,0,55,1.1,3,0.5,6.451,2.899,0.65,10
J13,ges,Sample,ges_r3_28,4,8,80,6,2,0,55,50,100,1,1,1,0.02,2,0.3,2000,1.8,1.8,3,1.5,0.429,0,0,60,0.6,4,0.4,0,0,0,0,55,1.1,3,0.5,6.451,3.029,0.52,10
E18,ges,Sample,ges_r3_28,4,8,80,6,2,0,55,50,100,1,1,1,0.02,2,0.3,2000,1.8,1.8,3,1.5,0.429,0,0,60,0.6,4,0.4,0,0,0,0,55,1.1,3,0.5,6.451,3.029,0.52,10
K15,ges,Sample,ges_r3_29,4,31.7,20,2,2,0,0,50,100,1,1,1,0.02,2,0.3,2000,1.8,1.8,3,1.5,0.429,23.7,0.118,0,0,0,0,0,0,0,0,0,0,3,0.5,6.451,1.047,2.502,10
F17,ges,Sample,ges_r3_29,4,31.7,20,2,2,0,0,50,100,1,1,1,0.02,2,0.3,2000,1.8,1.8,3,1.5,0.429,23.7,0.118,0,0,0,0,0,0,0,0,0,0,3,0.5,6.451,1.047,2.502,10
J7,control,Sample,labcraft_PPK,3.5,8,20,2,2,2,30,50,100,1,1,1,0.02,2,0.3,2000,1.8,1.8,3,1,0.286,0,0,0,0,0,0,0,0,2,0.351,30,0.6,3,0.5,6.451,1.737,1.812,10
E10,control,Sample,labcraft_PPK,3.5,8,20,2,2,2,30,50,100,1,1,1,0.02,2,0.3,2000,1.8,1.8,3,1,0.286,0,0,0,0,0,0,0,0,2,0.351,30,0.6,3,0.5,6.451,1.737,1.812,10
K14,control,Control,labcraft_ctrl,3.5,8,20,2,2,0,0,50,100,1,1,1,0.02,2,0.3,2000,1.8,1.8,3,1,0.286,0,0,0,0,0,0,0,0,0,0,0,0,3,0.5,6.451,0.786,2.763,10
E15,control,Control,labcraft_ctrl,3.5,8,20,2,2,0,0,50,100,1,1,1,0.02,2,0.3,2000,1.8,1.8,3,1,0.286,0,0,0,0,0,0,0,0,0,0,0,0,3,0.5,6.451,0.786,2.763,10
G6,control,Control,labcraft_ctrl,3.5,8,20,2,2,0,0,50,100,1,1,1,0.02,2,0.3,2000,1.8,1.8,3,1,0.286,0,0,0,0,0,0,0,0,0,0,0,0,3,0.5,6.451,0.786,2.763,10
M6,manual,Control,manual_ctrl,3.5,8,20,2,2,0,0,50,100,1,1,1,0.02,2,0.3,2000,1.8,1.8,3,1,0.286,0,0,0,0,0,0,0,0,0,0,0,0,3,0.5,6.451,0.786,2.763,10
M7,manual,Control,manual_ctrl,3.5,8,20,2,2,0,0,50,100,1,1,1,0.02,2,0.3,2000,1.8,1.8,3,1,0.286,0,0,0,0,0,0,0,0,0,0,0,0,3,0.5,6.451,0.786,2.763,10
M8,manual,Control,manual_ctrl,3.5,8,20,2,2,0,0,50,100,1,1,1,0.02,2,0.3,2000,1.8,1.8,3,1,0.286,0,0,0,0,0,0,0,0,0,0,0,0,3,0.5,6.451,0.786,2.763,10
M9,manual,Control,manual_ctrl,3.5,8,20,2,2,0,0,50,100,1,1,1,0.02,2,0.3,2000,1.8,1.8,3,1,0.286,0,0,0,0,0,0,0,0,0,0,0,0,3,0.5,6.451,0.786,2.763,10
M10,manual,Control,manual_ctrl,3.5,8,20,2,2,0,0,50,100,1,1,1,0.02,2,0.3,2000,1.8,1.8,3,1,0.286,0,0,0,0,0,0,0,0,0,0,0,0,3,0.5,6.451,0.786,2.763,10
M11,manual,Control,manual_ctrl,3.5,8,20,2,2,0,0,50,100,1,1,1,0.02,2,0.3,2000,1.8,1.8,3,1,0.286,0,0,0,0,0,0,0,0,0,0,0,0,3,0.5,6.451,0.786,2.763,10
N6,manual,Standard,Fluorescein,,,,,,,,,,,,,,,,,,,,,,,,,,,,,,,,,,,,,,,
N7,manual,Standard,Fluorescein,,,,,,,,,,,,,,,,,,,,,,,,,,,,,,,,,,,,,,,
N8,manual,Standard,Fluorescein,,,,,,,,,,,,,,,,,,,,,,,,,,,,,,,,,,,,,,,
M12,manual,Control,manual_noDNA,3.5,8,20,2,2,0,0,50,100,1,1,1,0.02,2,0.3,2000,1.8,1.8,0,1,0.286,0,0,0,0,0,0,0,0,0,0,0,0,3,0.5,6.451,0.786,2.763,10
M13,manual,Control,manual_noDNA,3.5,8,20,2,2,0,0,50,100,1,1,1,0.02,2,0.3,2000,1.8,1.8,0,1,0.286,0,0,0,0,0,0,0,0,0,0,0,0,3,0.5,6.451,0.786,2.763,10
M14,manual,Control,manual_noDNA,3.5,8,20,2,2,0,0,50,100,1,1,1,0.02,2,0.3,2000,1.8,1.8,0,1,0.286,0,0,0,0,0,0,0,0,0,0,0,0,3,0.5,6.451,0.786,2.763,10
M15,manual,Control,manual_noDNA,3.5,8,20,2,2,0,0,50,100,1,1,1,0.02,2,0.3,2000,1.8,1.8,0,1,0.286,0,0,0,0,0,0,0,0,0,0,0,0,3,0.5,6.451,0.786,2.763,10
M16,manual,Control,manual_noDNA,3.5,8,20,2,2,0,0,50,100,1,1,1,0.02,2,0.3,2000,1.8,1.8,0,1,0.286,0,0,0,0,0,0,0,0,0,0,0,0,3,0.5,6.451,0.786,2.763,10
M17,manual,Control,manual_noDNA,3.5,8,20,2,2,0,0,50,100,1,1,1,0.02,2,0.3,2000,1.8,1.8,0,1,0.286,0,0,0,0,0,0,0,0,0,0,0,0,3,0.5,6.451,0.786,2.763,10